Product_Name,Pricing,Rating
Apple iPhone SE (Space Grey ∣ 32 GB) , Rs. 17999 , 4.5
Apple iPhone SE (Rose Gold ∣ 32 GB) , Rs. 17999 , 4.5
Apple iPhone SE (Gold ∣ 32 GB) , Rs. 17999 , 4.5
Apple iPhone 6s Plus (Rose Gold ∣ 32 GB) , Rs. 34499 , 4.4
Apple iPhone SE (Silver ∣ 32 GB) , Rs. 17999 , 4.5
Apple iPhone 6 (Gold ∣ 32 GB) , Rs. 23999 , 4.4
Apple iPhone 6 (Space Grey ∣ 32 GB) , Rs. 23999 , 4.4
Apple iPhone 6s Plus (Space Grey ∣ 32 GB) , Rs. 34499 , 4.5
Apple iPhone 6s (Rose Gold ∣ 32 GB) , Rs. 29499 , 4.4
Apple iPhone 6s Plus (Gold ∣ 32 GB) , Rs. 34499 , 4.4
Apple iPhone 7 (Black ∣ 32 GB) , Rs. 39900 , 4.5
Apple iPhone 7 (Rose Gold ∣ 32 GB) , Rs. 39900 , 4.5
Apple iPhone 6s (Space Grey ∣ 32 GB) , Rs. 29499 , 4.5
Apple iPhone 6s (Gold ∣ 32 GB) , Rs. 29499 , 4.4
Apple iPhone XS (Space Grey ∣ 64 GB) , Rs. 99900 , 4.6
Apple iPhone 6s (Silver ∣ 32 GB) , Rs. 29499 , 4.4
Apple iPhone 7 (Gold ∣ 32 GB) , Rs. 39900 , 4.5
Apple iPhone 7 Plus (Gold ∣ 32 GB) , Rs. 53999 , 4.6
Apple iPhone 7 (Jet Black ∣ 32 GB) , Rs. 41900 , 4.5
Apple iPhone 8 (Silver ∣ 64 GB) , Rs. 58999 , 4.5
Apple iPhone XR (Black ∣ 64 GB) , Rs. 76900 , 4.8
Apple iPhone XS Max (Space Grey ∣ 256 GB) , Rs. 124900 , 4.7
Apple iPhone 6s Plus (Silver ∣ 32 GB) , Rs. 34499 , 4.4
Apple iPhone 7 (Rose Gold ∣ 128 GB) , Rs. 49999 , 4.6
